customer_id,name,zip_code
1,Dr. Tracy Khan,18279
2,Jack Ellis,27688
3,Tina Simpson,61117
4,Tammy Harrington,03921
5,Cynthia Brooks,38174
6,Mark Velasquez,45788
7,Brandy Smith,89336
8,Betty Gray,94235
9,Tiffany Lin,99222
10,Holly Harris,22986
11,Jennifer Smith,05712
12,Pamela Simon,99151
13,Richard Brown,34328
14,Meredith Wright MD,49856
15,Susan Bailey,05800
16,Henry Archer,05015
17,Patricia Mendez,43701
18,Mrs. Pamela Jones,33435
19,Luis Walker,20012
20,Thomas Payne,32798
21,Kathleen Morgan,46460
22,Shannon Ortiz,48118
23,Jessica Burgess,36494
24,Stephanie Castro,81565
25,Heather Santana,95503
26,Amy Maldonado,61603
27,Nicholas Rivera,83519
28,Harold Gonzalez,78714
29,Brian Grant DDS,52091
30,Lisa Schroeder,89083
31,David Walker,89402
32,Courtney Blair,68972
33,James Ward,37335
34,Christine Delacruz,85672
35,Katherine Barber,47928
36,Cody Johnson,52293
37,Katelyn Anderson,08881
38,Crystal Burnett,69540
39,Joshua Chapman,27284
40,Lynn Lee,50606
41,Katrina Ross,80328
42,Danielle Wang,12141
43,Megan Allen,34038
44,Linda Hughes,43826
45,Tracy White,86513
46,Travis Cole,78770
47,Mark Grant,49650
48,Jessica Ramirez,20236
49,David Morgan,05504
50,Jennifer Castro,15431
51,Daniel Hernandez,28443
52,Jason Livingston,52490
53,Karen Cox,26724
54,Desiree Lambert,05210
55,Teresa Cohen,82145
56,Jerry Woods,73109
57,Robert Carr,41294
58,Matthew Anthony,41702
59,Anthony Pollard,62609
60,Joshua Bush,37615
61,Carolyn Myers,09800
62,John Bell,64389
63,Susan Stark,04113
64,Tina Brown,99178
65,Alan Curtis,85299
66,Alex Stewart,54405
67,Steven Myers,81328
68,Jared Black,28984
69,Allison Taylor,24996
70,Jessica Zimmerman,10226
71,Amanda Blake,70321
72,Troy Hernandez,12999
73,Dana Carroll,78532
74,Allen Campbell,20997
75,Jessica Crosby,62979
76,Anthony Houston,86111
77,Donna Riley,68730
78,Kathryn Jackson,57215
79,Joe Warner,83159
80,Derrick Johnson,98641
81,Tyler Smith,90200
82,Brenda Booth,35791
83,Gordon Reynolds,66342
84,Troy Snyder,08075
85,Kelly Crane,58426
86,Gary Sweeney,59444
87,Samantha Riley,92045
88,Kenneth Peters,96938
89,Mrs. Andrea Williams MD,24909
90,Megan Mcdonald,25698
91,Deanna Lewis,85651
92,Amber Hernandez,09212
93,Jake Rubio,81566
94,Joanne Harvey,90469
95,Dr. Kelsey Randall,51022
96,James Liu,29443
97,Jessica Snyder,90308
98,Christopher Lopez,68214
99,Justin Miles,98464
100,Christopher Buchanan,42088
101,Monica Barr,78077
102,Joshua Gregory,87929
103,Nicholas Johnson,32985
104,Theresa Mora,22864
105,Diana Miller,93541
106,James Glass,13753
107,James Mathis,80729
108,Jacqueline Fox,10720
109,Jonathan Scott,26210
110,Tanya Lewis,06003
111,Loretta Scott,48535
112,Sabrina Harper,76517
113,Tracy Nolan,83559
114,Jennifer Boyle,05031
115,Nicholas Cox,56471
116,Kenneth Stone,07498
117,Alejandro Farrell,98609
118,Seth Beasley,18589
119,Elizabeth Meza,31104
120,Douglas Stephens,84217
121,April Hampton,45428
122,David Davis,72482
123,Elizabeth Smith,54128
124,Rita Ward,55617
125,Scott Watson,69249
126,Brianna Little,01507
127,Karen Holland,12086
128,Breanna Mora,86048
129,Gabrielle Hardy,17120
130,Laura Novak,68423
131,Brett Ray,32728
132,Mike Boyd,24377
133,Susan Lewis,57753
134,Eric Collier,42412
135,Brandon Arnold,09524
136,Alejandro Smith,87802
137,Kenneth Hill,14024
138,Benjamin Marsh,11426
139,Monica Lopez,69019
140,Michael Thompson,44432
141,Gregory Sims,08375
142,Bryce Smith,70993
143,Sergio Harmon,92526
144,Christopher Roberts,21248
145,Dr. Edwin Moore,04122
146,Sara Osborn,24551
147,Melissa Jacobs,78863
148,Nicole Andrews,38606
149,Chad Nash,65428
150,Joseph Thomas,12811
151,Miranda Daniel,38699
152,Lauren Cox,92984
153,Laura Morales,07837
154,Sarah Chang,45123
155,Rebecca Stuart,25444
156,John Eaton,53780
157,Kristine Lopez,80857
158,Mr. Brandon Robinson,74737
159,Gabriel Patterson,09125
160,George Clark,70554
161,Wayne Perez,59351
162,Jason Carter,11182
163,Anna Alvarez,70373
164,Dennis Moreno,98294
165,Joseph Beasley,26094
166,Courtney Ellison,09453
167,John Martin,16819
168,Melissa Hall,22446
169,Mason Johnson,39555
170,Ray Harrison,74194
171,Michael Scott,28077
172,Andrew Ortiz,67893
173,Morgan Holland,33548
174,Rhonda Hood,78095
175,Alexander Medina,17830
176,Michele Moore,69015
177,Brian Gibbs,60529
178,Cristina Whitney,13854
179,George Bryant,47254
180,Nathaniel Butler,41007
181,Patrick Guerrero,79011
182,James Mckinney,54544
183,Dr. Nicole Rios,54092
184,Jesus Gilbert,81397
185,Jasmine Klein,76447
186,James Bell,16975
187,Stephanie Lopez,33783
188,Erin Johnson,21979
189,Kimberly Hill,51061
190,Corey Decker,93498
191,Tanya Johnson,98136
192,Andrew Wiley,87809
193,Andre Whitehead,16328
194,Jerome Clark,97266
195,Zachary Perez,30965
196,Samuel Dean,65449
197,Jacob Jacobson,12123
198,Tyler Sparks,10622
199,Marcus Torres,78002
200,Kristin Love,86478
201,Christopher Rivas,07881
202,Brian Singh,57249
203,Karen King,85798
204,Daniel Foster,52369
205,Diane Armstrong,33334
206,Robert Davis,72315
207,Amanda Logan,11589
208,Julie Carrillo,78257
209,John Watson,77979
210,Beth Cole,68727
211,Michael Lindsey,51173
212,Jessica Bernard,00585
213,Charlene Ballard,45573
214,Brenda Johnson,09329
215,Shaun Butler,61545
216,Shelley Robbins,58929
217,Jenna Smith,02635
218,Amanda Flores,47809
219,Kevin Rodriguez,32276
220,Barbara Martin,33358
221,Mary Church,66443
222,Amanda Hall,12812
223,Steven Wilson,52994
224,Erika Moore,60222
225,Trevor Simmons,20638
226,Judy Lawson,64869
227,Ryan Palmer,15883
228,Jean Frederick,43842
229,Patrick Bailey,12242
230,Emily Rodriguez,44943
231,Joshua Walker,74829
232,Marissa Washington,75250
233,Christopher Meyer,97954
234,Alexis Thomas,34826
235,Caroline Torres,24791
236,Miranda Martin,44904
237,Ross Archer,64002
238,Sean Marshall,31459
239,Alexandra Martin,37319
240,Matthew Ford,69925
241,Carol Smith,51667
242,Lynn Martin,60223
243,Patrick Fitzpatrick,51799
244,Tom Williams,07144
245,Jeremy Gillespie,31952
246,Danielle Lee,64823
247,Alicia Walker,33664
248,Sabrina Barnes,46065
249,Randall Wilson,94834
250,Dylan Taylor,51418
251,Joshua Beasley Jr.,42146
252,Jonathan Gallegos,21840
253,Pedro Garner,15238
254,Stacey Ball,40133
255,Kenneth Decker,70696
256,David Ford,98332
257,Carol Barron,82034
258,Lisa Larsen,17116
259,David Johnston,92602
260,Darlene Roberts,86168
261,Richard Dunn Jr.,78927
262,Samuel Gutierrez,83085
263,Ashley Fuller,90674
264,Rachel Johnson,85990
265,Rodney Osborne,67217
266,Donna Cox,05443
267,Ryan Shah,52865
268,Lisa Fritz,55802
269,Kelly Conrad,61701
270,Michael Reyes,46463
271,Jared Ellis,77446
272,Julie Mitchell,67406
273,Lindsay Dawson,54054
274,Steven Simon,79997
275,Sean Miller,04058
276,Kevin Leonard,01997
277,Sharon Davis,70227
278,Kyle Mcintyre,89911
279,Steven Harris,36568
280,Anthony Rose,09795
281,Gregory Mckee Jr.,40227
282,Gary Bautista,04530
283,Caleb Flores,97214
284,Jennifer Phillips,73566
285,Samantha Copeland,34229
286,Kristen Munoz,35645
287,Pam Brooks,02908
288,Danny Webster,76250
289,Omar Jones,89104
290,Daniel Frey,75631
291,Ariana Taylor,51445
292,Crystal Novak,28608
293,Jacqueline Cannon,24726
294,Gregory Johnson,80665
295,Nathan Pineda,30385
296,Cameron Walker,20707
297,Nicholas Herrera,14186
298,Judy Mckinney,80466
299,Yvette Perry,69730
300,Christopher Jensen,96488
301,Paul Lara,62751
302,Sarah Velez,18467
303,Heather Harris,75349
304,Ashley Barry,90089
305,William Miller,15977
306,Mr. James Greer,03385
307,Donald Thompson,04129
308,Alyssa Morris,90068
309,Kathleen Stafford,60901
310,Mary Brown,27426
311,Vanessa Allen,05130
312,Amy Irwin,67110
313,Tracy Alexander,22840
314,Matthew Young,75999
315,Michael Jones,37273
316,Jay Garcia,70143
317,Dr. Michelle Gillespie,82404
318,Angela White,97109
319,Brandon Lewis II,26086
320,Dylan Mccullough,91861
321,Vanessa Willis,08060
322,Andrew Tran,40516
323,Jeffrey Prince,29893
324,Douglas Greene,28075
325,Joseph Lee,32596
326,Karina Arnold,59989
327,Donald George,47724
328,Kristina Conner,20974
329,Michelle Murray,99333
330,James Bell,60865
331,Diana Carrillo,88646
332,Douglas Rice,20517
333,Anthony Salas,92555
334,Christian Davis,68172
335,Carrie Griffin,51271
336,Charles Schmidt,94052
337,Kristy Bentley,78451
338,Katelyn Orozco,23935
339,Jennifer Espinoza,88821
340,Barry Brown,43257
341,Barbara Henry,88052
342,Charlotte Le,84478
343,Kenneth Bryant,38454
344,Colin Randall,49498
345,Dawn Castaneda,66410
346,Theresa Hughes,35184
347,Gregory Hernandez,35660
348,Robin Ward,53580
349,Joseph Kennedy,52005
350,Jose Thomas,79630
351,Julia Smith,38140
352,Rachael Hudson,54547
353,Christopher Brown,52681
354,Rachel Evans,65946
355,Renee Lynch,04552
356,Kayla Hodges,59069
357,Curtis Mcgee,98959
358,Jillian Davis,07147
359,Darryl Day,01044
360,Barbara Alexander,31977
361,Susan Dunn,60066
362,Nicholas White,14821
363,Alan Lynch,78558
364,Ross Brown,76916
365,Kelly Stanton,53394
366,Richard Johnson,27503
367,Brenda Miller,16840
368,Pamela Anderson,94613
369,Brittany Rojas,23443
370,Jeffrey Lee,79282
371,Dana Reid,52637
372,Robert Gray,32739
373,Craig Matthews PhD,05313
374,Kim Jordan,09741
375,John Harrell,52367
376,David Adams,87540
377,Mark Moss,22365
378,Holly Green,14299
379,Henry Cox,61965
380,Sara Hill,17982
381,Derek Ford,97863
382,Jerry Tucker DVM,35194
383,James Knight,96155
384,Kristen Hicks,96955
385,Kathy Coleman,43141
386,Tonya Williams,06083
387,Brittany Arias,17906
388,Aimee Patel,84685
389,Jennifer Miles,90318
390,Amanda Tucker,89530
391,Michael Howell,60680
392,John Mills,69003
393,Victor Serrano,81567
394,Tara Richardson,37998
395,Eric Harris,31526
396,Ellen Mendez,77613
397,Daniel Hart,37859
398,Courtney Carr,20645
399,Lindsey Moss,21508
400,Anthony Johnson,13352
401,Larry Walton,26286
402,Gary Williams,61683
403,Christopher Garcia,70512
404,Jeremiah Chavez,20750
405,Patrick Mcdowell,77978
406,Kathryn Hall,57318
407,Leah Arnold,51046
408,Barbara Valdez,65978
409,Daniel Li,01410
410,Mason Johnson,89739
411,Julie Greene,66954
412,Tiffany Gordon,07569
413,Samantha Miller,03337
414,Jonathan Lee,32309
415,Derek Flynn,03594
416,Michael Rodriguez,03262
417,Anna Marsh,84979
418,Rachel Becker,28801
419,Brittany Fernandez,44413
420,Tara Terrell,40341
421,Dawn Farrell,56577
422,Jared Williams,03667
423,Jaime White,61156
424,Dorothy Hanson,93304
425,Jessica Allison,03493
426,Brandon Cunningham,71929
427,Isaiah Brown,69889
428,Joshua Gonzales,16688
429,Marissa Ramirez DDS,37625
430,Kevin Dean,53413
431,Lauren Hall,89908
432,Caroline Bell,70725
433,Jacqueline Lucas,40927
434,Brian Perez,18547
435,Lisa Stephens,50817
436,Jose Jones,31477
437,Shawn Mccoy,67413
438,Donna Wilson,35225
439,Sue Hoffman,62864
440,Rachel Anderson,41016
441,Allison Ramirez,07998
442,Robert Ward,51536
443,Dr. Jason Mata,82957
444,Amanda Scott,81388
445,John Johnson,20227
446,Tyler Anderson,31659
447,Marissa Robinson,56563
448,Tracy Allen,20412
449,Kelly Smith,56054
450,Sydney Clark DDS,00982
451,Dale Keller,25599
452,Amy Cole,44854
453,Paul Perry,07098
454,Lauren Hamilton,70952
455,Albert Mills,09535
456,Theresa Cooper,64603
457,Austin Walters,16068
458,Andrew Oneill,78305
459,Brandon Garcia,17229
460,Shawn Fleming,57067
461,Jerry Cox,98190
462,Paul Taylor,70701
463,Casey Gonzalez,20155
464,Michelle Allen,68662
465,Amber Underwood,97758
466,Christopher Meyer,76353
467,Mario Travis,10978
468,Amy Calhoun,24084
469,Karl Williams,27341
470,Michael Smith,44080
471,Tyler Ellison,19790
472,Michele Ford,99071
473,Jeffrey Taylor,11409
474,Michael Swanson DVM,20971
475,Michael Lambert,28274
476,Mitchell Logan,84831
477,Ashley Vincent,91230
478,Melissa Miller,73230
479,John Ball,62297
480,Lauren Berry,53568
481,Jeffrey Turner,61886
482,Dawn Powell,22795
483,Felicia Thomas,19775
484,Douglas Powell,05590
485,Jeanette Williams,91059
486,Frank Schmidt,69106
487,Daniel Saunders,07586
488,Brandon Rush,18493
489,Krystal Farley,13631
490,Benjamin Frank,96986
491,George Garcia,90872
492,Mr. Peter Brown,07256
493,Denise Barnes,85819
494,Rachel Lee,12524
495,Kurt Fisher,58581
496,Dr. Matthew Gates,97822
497,Dawn Brown,28235
498,Jasmine Pena,48821
499,Cindy Alvarez,56599
500,Mr. Trevor Moore DDS,10474
501,Aaron Riddle,63551
502,Raven Davis,29993
503,Jessica Mueller,08068
504,Amber Garner,17041
505,Cassandra Mahoney,36143
506,Katherine Hamilton,56083
507,Gina Wolfe,99218
508,Stacy Owens,30835
509,Randall Moreno,47450
510,Nicholas Keller,53068
511,Corey Miller,28906
512,Kevin Vega,73448
513,Shane Fuller,28407
514,William Cook,88103
515,Sarah Meyer,31155
516,Eric Melton,83111
517,Christy Gallegos,05097
518,Stephen Moran,87935
519,Emily Williams,42587
520,Timothy Black,42976
521,Stephanie Cruz,14592
522,Rose Walker,49135
523,Donald Huff,92780
524,Monica Estrada,60520
525,Robert Castillo,47733
526,Erin Byrd,06450
527,Craig Walker,52389
528,Stefanie Duarte,11089
529,Brett Mckinney,81173
530,Shannon Watson,85378
531,Michael Gomez,56337
532,Mr. Dakota Ayala,81382
533,Michele Gomez,10959
534,Timothy Phillips,79805
535,Chad Valdez,86978
536,Miss Maria Scott MD,72620
537,Richard Beltran,96628
538,Matthew Thomas,88482
539,Michelle Estrada,85981
540,Michelle Smith,38711
541,Nicole Garza,26662
542,Teresa Burnett,33910
543,Terry Weaver,84391
544,Jill Scott,16994
545,Brian Smith,26457
546,Caroline Cox,13494
547,David Howard,69642
548,Joshua Fernandez,12474
549,Jennifer Williams,33170
550,Jessica Ortiz,49378
551,Robert Reid,03553
552,Curtis Fletcher,04890
553,Alexis Harmon,54960
554,Brian Peters,73721
555,Carlos Martinez MD,92251
556,Anthony Wilson,29609
557,Willie Moore,82260
558,Brenda Johnson,40905
559,Chelsea Bell,45706
560,Kathy Ross,34380
561,Ronald Hodge,40445
562,Christopher Mejia,22176
563,Kenneth Taylor,96027
564,John Turner,41598
565,Jacob Sampson,59852
566,Mary Williams,68818
567,Vanessa Barrett,49182
568,Monica Wheeler,57731
569,Donna Chavez,71969
570,Betty Franklin,34620
571,Christopher Evans,18646
572,Paul Harris,08905
573,David Dixon,77216
574,Willie Arnold,97412
575,David Johnson,16447
576,Erik Hill,35670
577,Anthony Moore,31004
578,Michael Hanson,15018
579,Ryan Osborn,49072
580,Christopher Martin,85915
581,Joseph Torres,27854
582,David Haynes,11078
583,Lisa Johnston,89929
584,William Smith,25913
585,Jacqueline Hudson,75318
586,Thomas Colon,37206
587,Mark Swanson,81548
588,Devin Garcia,03565
589,Amy Hunter,10201
590,Jeffery Simmons,19607
591,Stacey May,49232
592,Shannon Davis,98829
593,Madison Bennett,95680
594,Marvin Lee,55828
595,Frederick Graham,64730
596,Tina Jones,83070
597,Greg White,35988
598,Jacob Guzman,87928
599,James Gordon,95942
600,Ashley Christensen DVM,26009
601,Robert Harris,56933
602,Gabriel Cantu,79687
603,Debra Thomas,12845
604,Mary Brooks,67894
605,John Gonzales,08670
606,Amanda Huff,03464
607,Paul Nielsen,62781
608,Timothy Rodriguez,50058
609,Dr. Marcus Thompson,90179
610,Daniel Buchanan,78901
611,Cory Lopez,12893
612,Christopher Cross,16605
613,Rachel Hogan MD,16126
614,Jacqueline Smith,91329
615,Danielle Harris,07412
616,Joseph Clark,03262
617,Bryan Eaton,87704
618,Kevin Hughes,79492
619,William Poole,58737
620,Joshua Delgado,78933
621,Clarence Alexander,63586
622,Charles Baker,91637
623,Wendy Patterson,66936
624,Jamie Mccarty,65118
625,Troy Smith,34192
626,Kristy Mendoza,69790
627,Brittany Bennett,58511
628,Katherine Morgan,84333
629,Miguel Clark,94660
630,Mackenzie Wolf,44374
631,Nathan Hickman,04597
632,Richard Howard,25759
633,Gina Clark,64575
634,Annette Harris,90371
635,Ronald Fowler,99010
636,Laura Brown,88210
637,Alison Wells,72413
638,David Ramos,95766
639,Brian Gomez DVM,79780
640,Larry Ford,59828
641,David Chambers,02091
642,Nicole Mullins,16280
643,Sarah Stewart,77944
644,Randall Spencer,08046
645,Claudia Davis,01408
646,Steven Garcia,65260
647,Nicholas Fitzpatrick,14950
648,Ana Orr,04274
649,David Logan,44667
650,Stephen Cruz,14470
651,Bonnie Washington,64107
652,Deborah Martinez,15177
653,Cory Walls,35233
654,Michael Davis,99357
655,Charles Snow,85320
656,Richard Salas,12340
657,Kayla Dalton,90991
658,Yesenia Wagner,51403
659,Lance Schmidt,85918
660,Joan Nelson,74185
661,Phillip Thomas,16841
662,Thomas Norris,87075
663,Kimberly Estes,12234
664,Carol Pollard,02831
665,Sarah Duncan,23852
666,Oscar Jackson,00828
667,Jose Mathis,81060
668,Andrew Peterson,35616
669,Angel Clay,56405
670,Manuel Jenkins,86193
671,Kelly Cook,22255
672,Brandi Frank,53157
673,Levi Martin,78828
674,Sara Kelley,30903
675,George Lopez,05202
676,Robert Thomas,73272
677,Mario Mata,86538
678,Kenneth Bell,09629
679,Nicholas Nelson,32790
680,Lisa Mcdonald,32547
681,Katherine Gutierrez,21223
682,Todd Davis,04845
683,Rhonda Gill,86104
684,Doris Smith,89432
685,Michele Parks,43311
686,Victoria Kirby DVM,08937
687,Jessica Mahoney,20655
688,Shaun Wallace,18414
689,Audrey Douglas,00948
690,Eric Houston,25043
691,Julie Morris,02693
692,Steven Moore,20097
693,Jorge Green,29179
694,Jeffrey Molina,62925
695,David Walker,63163
696,Jordan Jones,64581
697,Amy Chang,85946
698,Crystal Mcdonald,54084
699,Jonathan Henry,82755
700,Christopher Cruz,43106
701,Jason Jordan,19983
702,Rachael Williams,61438
703,Derek Ross,46432
704,Valerie Vasquez,95973
705,Nathan Peters,34050
706,Nicole Rios,11733
707,Travis Gomez,60327
708,Timothy Lopez,42422
709,Samantha Lopez,82585
710,Robert Brown,36341
711,Brian Clark,57865
712,Scott Jensen MD,18697
713,Jennifer Martin,39593
714,Kimberly Tyler,70634
715,Mary Fitzgerald,06345
716,Nancy Clay,68833
717,Jack Sharp,24897
718,Michael Curtis,44652
719,Christina Rodgers,45630
720,Deborah Sanford,14349
721,Allison Jones,39545
722,Teresa Frederick,17543
723,Carlos Brown,51889
724,Sabrina Smith,39116
725,Michele Gutierrez,97809
726,Timothy Tucker,56303
727,Paige Drake,60120
728,Philip Wright,78343
729,Stephen Armstrong,54896
730,Jacqueline Humphrey,88706
731,Elizabeth Kim,19273
732,Jessica Kennedy,79696
733,Anthony Peters,78078
734,Tammy Brown,16121
735,Samuel Bailey,90951
736,Bruce Villa,58249
737,Diane Harvey,27504
738,Danielle Henson,18100
739,Tammy Estes,35485
740,Ann Shepherd,74504
741,Jerry French,17234
742,Courtney Mcbride,39782
743,Brandy Guerrero,00946
744,Kevin Kelly,28885
745,Stephanie Cole,66219
746,James Cruz,74336
747,Kevin Esparza,59783
748,Kelly Stevenson,81119
749,Becky Benitez,29831
750,Mary Gonzalez,34602
751,Holly Chen,86854
752,Misty Martinez,18739
753,Jacqueline Love,13095
754,Dana King,68138
755,Luis Evans,27947
756,Charles Andrews,88338
757,Bradley Meadows,98024
758,Michelle Oneal,85875
759,Sean Dunlap,04926
760,Susan Williams,86079
761,Mary Washington,25902
762,Angela Johnson,49366
763,Sharon Smith,53624
764,Lauren Taylor,32296
765,Jennifer Dean,60701
766,Cory Anthony,74444
767,Eileen Mills,18178
768,Michael Collins,04198
769,Samantha Ibarra,90609
770,Douglas Torres,78678
771,Cheyenne Lucas,15083
772,Teresa Miller,67977
773,Gina Peck,53342
774,Kelsey Dougherty,56137
775,Julia Walls,77311
776,Angela Lee,80478
777,Matthew Washington,79731
778,Corey Zuniga,17282
779,Patrick Herrera DVM,07313
780,Edwin Dalton,63482
781,Sarah Cortez,71198
782,Bradley Cooper,90440
783,Taylor Combs,20461
784,Jennifer Serrano,07566
785,Thomas Velasquez,24711
786,Gabriela Martinez,74513
787,Jill Smith,60521
788,Adam Richardson,82258
789,Jonathan Kirk,89819
790,Dustin Buck,49129
791,Sally Nguyen,48720
792,Jay Diaz,40402
793,Sarah Stevens,78529
794,Dawn Lucas,93505
795,Tyrone Gutierrez,01556
796,Tamara Bradley,14947
797,Lisa Lewis,40100
798,Ryan Herrera,92345
799,Jesse Johnson,66100
800,Megan Brady,64296
801,George Robinson,12646
802,Robin Hensley,46275
803,Timothy Roy,29058
804,Jennifer Gonzales,98659
805,Sonya Bridges,98464
806,Tara Parks,50998
807,Gary Johnson,91897
808,Michael Walker,04920
809,Troy Frederick,73504
810,Ralph Mcdonald,51428
811,Sean Owen,23428
812,Carly Henry,86119
813,Michelle Martin,14650
814,Joseph White,29233
815,Denise Sanchez,04837
816,Brenda Nicholson,09476
817,Emily Davis,01320
818,Tanya Beasley,72490
819,Rodney Blevins,23219
820,Rebekah Cook,65590
821,Andrew Anderson,81286
822,Jason Forbes,50013
823,Kirsten Fleming,11213
824,Anna Nguyen,16867
825,Kristina Ortiz,40114
826,Peter Lee,91889
827,Daniel Knapp,46982
828,Jennifer Combs,55402
829,Christine Christian,21894
830,Janice Hall,95583
831,Amanda Turner,02924
832,Ashley Kennedy,70362
833,Stephen Baldwin,54264
834,Gregory Young,94730
835,Kelsey Jones,04435
836,Christina Luna,03249
837,Michele Edwards MD,09155
838,John Mcfarland,02510
839,Jennifer Thompson,65864
840,Mr. James Stewart,19306
841,Mrs. Stephanie Oliver,47192
842,Robert Barton,95923
843,Chad Gomez,86901
844,Shannon Douglas,62654
845,Laura Norman,35237
846,Brian Walker,10123
847,Jennifer Gallagher,79033
848,Dr. Ronald Jackson,17522
849,Ross Mills,57824
850,Brett Brown,28944
851,Vincent Richards,91535
852,Deborah Thomas,35540
853,Tammy Haynes,09929
854,Jodi Green,43957
855,Paul Hunter,50827
856,Charles Parker,14784
857,Matthew Williams,08728
858,Robert Fletcher,20727
859,Ronald Roberts,85697
860,Veronica Reynolds,09253
861,Carolyn Jones,15520
862,Ashley Davis,58263
863,Katie Greene,95441
864,Amanda Buck,14378
865,Mackenzie Calderon,12086
866,Miss Kimberly Harvey,68518
867,Keith Miller,43544
868,Renee Jefferson,29988
869,Melissa Patrick,94661
870,Austin Martinez,91386
871,Benjamin Williams,07442
872,Laura Patterson,31210
873,Jeremy Davis,83328
874,Kenneth Vargas,80673
875,Elizabeth Schultz,66545
876,David Williams,41801
877,Thomas Powell,88265
878,Richard Williams,44548
879,Julie Green,96296
880,Paul Daugherty,29469
881,William Gordon,06049
882,Jonathan Jackson,09166
883,Savannah Moore,75350
884,Mindy Harper,19271
885,Jamie Goodwin,61752
886,Jeff Reeves DDS,02127
887,Doris Morales,04410
888,Kimberly Mcbride,28954
889,David Miller,11530
890,Brian Mathews,41197
891,Michael Jackson,72801
892,Christine Blackburn,87951
893,Jonathan White,25915
894,Amy Perkins,77974
895,Dr. Stacey Pacheco,57851
896,Susan Moody,04965
897,Micheal Gray,46002
898,Shawna Henry,57024
899,Alexander Perez,22353
900,David Benson,43006
901,Kevin Parker,61002
902,David Glenn,95826
903,Jack Pacheco,76790
904,Matthew Wilkerson,28190
905,Maria Ferguson,35835
906,Robin Villa,07368
907,Dr. Dana Armstrong,95925
908,Morgan Anthony,24784
909,Justin Spencer,78520
910,James Collins,75469
911,Sherry Clark,37323
912,Sarah Michael,99746
913,Mr. Jared Morgan PhD,17265
914,Scott Griffin,54931
915,Krystal Brooks,57709
916,Steven Michael,61270
917,Mark Jones,67345
918,Brittany Stein,12592
919,Ashley Sutton,76256
920,Brandon Harvey,21060
921,Stacey Freeman,12399
922,Michael Fisher,97458
923,Abigail Collins,85770
924,David Wright,85370
925,Jared Cervantes,37121
926,David Griffin,07430
927,David Valencia,00905
928,Dana Gardner,08774
929,Tonya Gomez,39562
930,Christopher Vargas,17924
931,Samuel Harrington,24224
932,Steve Williams,34320
933,Edward Shaw,78323
934,Cathy Moyer,58254
935,Heather Woods,82005
936,Tina Barnes,73241
937,Sherry Jensen,54323
938,Nancy Holder,48857
939,Gary Martinez,76179
940,Travis Rowe,64501
941,Joe Ross,33432
942,Michael Rice,55150
943,Gerald Wall,86508
944,Jessica Gardner,90532
945,Kristen Joseph,56298
946,Courtney Moore,53466
947,Jessica Harrell,41233
948,Justin Flynn,30417
949,Zachary Calhoun,42441
950,Danielle Johnson,59821
951,Sarah Conway,76676
952,John Hall,08730
953,Cheryl Joseph,82387
954,William Gilbert,21382
955,Miss Sandy Holmes DDS,15772
956,Melinda Smith,28118
957,Joseph Taylor,68138
958,Michael Smith,62421
959,Casey Perry,68514
960,Mary Reynolds,14436
961,Brianna Lang,99294
962,Jason Arias,20830
963,Vanessa Mitchell,03524
964,Melissa Parsons,73386
965,Jared Wallace,36376
966,Alicia Johnson,64807
967,Paula Stone,51778
968,David Ortiz,50325
969,Michael Lee,84317
970,Michelle Gilmore,46180
971,William Phillips,13224
972,Amanda Nelson,63014
973,Ryan Perez,96488
974,William Walker,03042
975,Courtney Gomez,20669
976,Sandra Hale,24152
977,John Gregory,10073
978,Brittany Chang,26902
979,Penny Wheeler,28443
980,Jennifer Romero,23656
981,George Jensen,10978
982,Elizabeth Harris,52645
983,Justin Perez,57637
984,Kathy Logan,56657
985,Jessica Jacobson,99668
986,Sonia Rodriguez,18067
987,Jared Mccormick,44464
988,Marcus Jones,70392
989,Andrea Mack,64254
990,Robert Bird,45760
991,Jason Marshall,63923
992,Jason Knight,28042
993,Ian Scott,81270
994,Shelly Hunter,57530
995,Gregory Higgins,82270
996,Tina Jones,78149
997,Maria Burns,75898
998,Kent Williams,27270
999,Rose Mitchell,27886
1000,Justin Hughes,77189
